org.apache.commons.lang3.concurrent,Memoizer,recalculate
org.apache.commons.lang3.concurrent,TimedSemaphore,executorService
org.apache.commons.lang3.time,DateUtilsFragmentTest,seconds
org.apache.commons.lang3.time,DateFormatUtils,UTC_TIME_ZONE
org.apache.commons.lang3.builder,Diff,fieldName
org.apache.commons.lang3,CharRange,negated
org.apache.commons.lang3.concurrent,EventCountCircuitBreaker,closingThreshold
org.apache.commons.lang3.builder,ToStringBuilder,defaultStyle
org.apache.commons.lang3.builder,ToStringBuilder,style
org.apache.commons.lang3.time,FastDatePrinter,mPattern
org.apache.commons.lang3.function,FailableDoublePredicate,FALSE
org.apache.commons.lang3.time,FastDateParser,locale
org.apache.commons.lang3.function,MethodFixtures,value1
org.apache.commons.lang3.time,FormatCache,cDateTimeInstanceCache
org.apache.commons.lang3.time,GmtTimeZone,serialVersionUID
org.apache.commons.lang3,Validate,DEFAULT_VALID_INDEX_CHAR_SEQUENCE_EX_MESSAGE
org.apache.commons.lang3.builder,EqualsBuilder,testRecursive
org.apache.commons.lang3,StringUtilsStartsEndsWithTest,foobar
org.apache.commons.lang3.builder,ToStringStyle,arrayStart
org.apache.commons.lang3.time,DateUtilsTest,cal5
org.apache.commons.lang3.text,StrTokenizer,ignoreEmptyTokens
org.apache.commons.lang3,StringUtilsSubstringTest,SENTENCE
org.apache.commons.lang3.builder,DiffResult,DIFFERS_STRING
org.apache.commons.lang3.time,FastDateParser,JAPANESE_IMPERIAL
org.apache.commons.lang3.concurrent,CallableBackgroundInitializerTest,RESULT
org.apache.commons.lang3.concurrent,EventCountCircuitBreaker,openingInterval
org.apache.commons.lang3,Conversion,TTFF
org.apache.commons.lang3,CharRange,serialVersionUID
org.apache.commons.lang3.text,StrBuilderAppendInsertTest,FOO
org.apache.commons.lang3.text,CompositeFormat,parser
org.apache.commons.lang3.builder,DiffBuilderTest,SHORT_STYLE
org.apache.commons.lang3.time,DateUtilsRoundingTest,targetDateDate
org.apache.commons.lang3.mutable,MutableInt,serialVersionUID
org.apache.commons.lang3.function,FailableDoubleFunction,NOP
org.apache.commons.lang3.time,DurationFormatUtils,y
org.apache.commons.lang3,CharSequenceUtils,TO_STRING_LIMIT
org.apache.commons.lang3.builder,ToStringStyleConcurrencyTest,REPEAT
org.apache.commons.lang3,StringUtilsTest,EMPTY_STRING_LIST
org.apache.commons.lang3.tuple,MutablePair,serialVersionUID
org.apache.commons.lang3,StringUtilsStartsEndsWithTest,FOO
org.apache.commons.lang3.time,FastDateParser,HOUR_STRATEGY
org.apache.commons.lang3,LocaleUtils,cLanguagesByCountry
org.apache.commons.lang3.reflect,MethodUtilsTest,classCache
org.apache.commons.lang3.exception,ExceptionUtils,CAUSE_METHOD_NAMES
org.apache.commons.lang3,RangeTest,intRange
org.apache.commons.lang3.builder,EqualsBuilder,testTransients
org.apache.commons.lang3,StringUtilsStartsEndsWithTest,BAR
org.apache.commons.lang3.text,StrBuilder,serialVersionUID
org.apache.commons.lang3.time,FastDatePrinter,cTimeZoneDisplayCache
org.apache.commons.lang3,SerializationUtilsTest,SERIALIZE_IO_EXCEPTION_MESSAGE
org.apache.commons.lang3.function,FailableObjLongConsumer,NOP
org.apache.commons.lang3,ClassUtils,reverseAbbreviationMap
org.apache.commons.lang3,StringUtilsTest,DOUBLE_PRIM_LIST
org.apache.commons.lang3,EnumUtils,ENUM_CLASS_MUST_BE_DEFINED
org.apache.commons.lang3.concurrent,TimedSemaphoreTest,UNIT
org.apache.commons.lang3.time,FormatCache,cInstanceCache
org.apache.commons.lang3.time,FastDatePrinter,serialVersionUID
org.apache.commons.lang3.builder,ToStringStyle,arrayContentDetail
org.apache.commons.lang3.text,StrTokenizer,ignoredMatcher
org.apache.commons.lang3.time,DateUtilsTest,date0
org.apache.commons.lang3.mutable,MutableBoolean,value
org.apache.commons.lang3,StringUtilsTest,TEXT_LIST
org.apache.commons.lang3.function,FailableLongPredicate,FALSE
org.apache.commons.lang3.time,FastDateParserTest,yMdHmsSZ
org.apache.commons.lang3,StringUtilsTest,BYTE_PRIM_LIST
org.apache.commons.lang3.function,FailableIntUnaryOperator,NOP
org.apache.commons.lang3.time,DateUtilsTest,calAmPm3
org.apache.commons.lang3,CharUtilsTest,CHAR_COPY
org.apache.commons.lang3,StringUtilsEqualsIndexOfTest,FOOBAR_SUB_ARRAY
org.apache.commons.lang3.concurrent,BackgroundInitializer,externalExecutor
org.apache.commons.lang3.time,FastTimeZoneTest,HOURS_23
org.apache.commons.lang3,Supplementary,CharUSuppCharHigh
org.apache.commons.lang3.time,CalendarUtils,calendar
org.apache.commons.lang3.exception,ExceptionUtilsTest,notVisibleException
org.apache.commons.lang3.reflect,MemberUtils,ACCESS_TEST
org.apache.commons.lang3.function,FailablePredicate,TRUE
org.apache.commons.lang3.text.translate,LookupTranslator,prefixSet
org.apache.commons.lang3.builder,ReflectionToStringBuilderExcludeNullValuesTest,BOTH_NULL
org.apache.commons.lang3,CharSequenceUtilsTest,TEST_DATA
org.apache.commons.lang3.text,StrMatcherTest,BUFFER1
org.apache.commons.lang3,HashSetvBitSetTest,numberOfElementsToCompute
org.apache.commons.lang3.function,BooleanConsumer,NOP
org.apache.commons.lang3.text,StrMatcher,TAB_MATCHER
org.apache.commons.lang3,CharUtils,HEX_DIGITS
org.apache.commons.lang3.time,FastDateParser,DAY_OF_WEEK_STRATEGY
org.apache.commons.lang3.builder,ToStringBuilderTest,ARRAYLIST_INITIAL_CAPACITY
org.apache.commons.lang3.concurrent,ThresholdCircuitBreaker,INITIAL_COUNT
org.apache.commons.lang3.time,FastTimeZone,GREENWICH
org.apache.commons.lang3.text.translate,LookupTranslator,lookupMap
org.apache.commons.lang3.util,FluentBitSetTest,eightBs
org.apache.commons.lang3.concurrent,BasicThreadFactory,uncaughtExceptionHandler
org.apache.commons.lang3.text.translate,EntityArrays,ISO8859_1_UNESCAPE
org.apache.commons.lang3.concurrent,MultiBackgroundInitializerTest,CHILD_INIT
org.apache.commons.lang3.mutable,MutableObject,value
org.apache.commons.lang3,StringUtilsTest,SENTENCE_CAP
org.apache.commons.lang3.time,DateUtilsTest,date7
org.apache.commons.lang3.text,ExtendedMessageFormat,serialVersionUID
org.apache.commons.lang3.time,DurationFormatUtils,M
org.apache.commons.lang3.time,DateUtilsTest,dateAmPm2
org.apache.commons.lang3.text.translate,UnicodeUnpairedSurrogateRemoverTest,subject
org.apache.commons.lang3,CharUtilsPerfRun,VERSION
org.apache.commons.lang3,Validate,DEFAULT_IS_NULL_EX_MESSAGE
org.apache.commons.lang3,EnumUtilsTest,id
org.apache.commons.lang3,ArchUtilsTest,AARCH_64
org.apache.commons.lang3,Conversion,TFFF
org.apache.commons.lang3,RangeTest,floatRange
org.apache.commons.lang3,CharSet,set
org.apache.commons.lang3,StringUtils,PAD_LIMIT
org.apache.commons.lang3.event,EventListenerSupport,prototypeArray
org.apache.commons.lang3.time,FastDateParserTest,LONG_FORMAT_NOERA
org.apache.commons.lang3,StringUtilsTest,NON_WHITESPACE
org.apache.commons.lang3,ArrayUtilsTest,SEED
org.apache.commons.lang3.function,FailableLongPredicate,TRUE
org.apache.commons.lang3,StringEscapeUtilsTest,HTML_ESCAPES
org.apache.commons.lang3,ArchUtilsTest,IA64_32
org.apache.commons.lang3,ClassUtils,wrapperPrimitiveMap
org.apache.commons.lang3.exception,ExceptionUtils,WRAPPED_MARKER
org.apache.commons.lang3.builder,MultiLineToStringStyleTest,base
org.apache.commons.lang3,StringUtilsTest,WHITESPACE
org.apache.commons.lang3.text,ExtendedMessageFormat,END_FE
org.apache.commons.lang3.concurrent,CallableBackgroundInitializer,callable
org.apache.commons.lang3.math,Fraction,serialVersionUID
org.apache.commons.lang3,CharUtils,CHAR_STRING_ARRAY
org.apache.commons.lang3.time,FastDateParser,patterns
org.apache.commons.lang3.function,FailableIntConsumer,NOP
org.apache.commons.lang3.text.translate,CharSequenceTranslator,HEX_DIGITS
org.apache.commons.lang3.time,DateUtilsTest,cal6
org.apache.commons.lang3,StringUtilsTest,CHAR_PRIM_LIST
org.apache.commons.lang3.time,FastDateParserTest,YMD_SLASH
org.apache.commons.lang3.builder,EqualsBuilder,bypassReflectionClasses
org.apache.commons.lang3.reflect.testbed,PrivatelyShadowedChild,i
org.apache.commons.lang3.time,DateUtilsRoundingTest,januaryOneDate
org.apache.commons.lang3.time,FastDateFormatTest,NROUNDS
org.apache.commons.lang3,StringUtilsTest,ARRAY_LIST
org.apache.commons.lang3.function,FailableLongFunction,NOP
org.apache.commons.lang3.concurrent.locks,LockingVisitorsTest,DELAY
org.apache.commons.lang3.reflect.testbed,StaticContainer,mutablePrivate
org.apache.commons.lang3.text.translate,EntityArrays,ISO8859_1_ESCAPE
org.apache.commons.lang3.time,StopWatch,stopTimeNanos
org.apache.commons.lang3.builder,ToStringStyle,useFieldNames
org.apache.commons.lang3,CharUtilsTest,CHARACTER_B
org.apache.commons.lang3.text.translate,LookupTranslator,shortest
org.apache.commons.lang3,Conversion,FFFF
org.apache.commons.lang3.concurrent,TimedSemaphore,THREAD_POOL_SIZE
org.apache.commons.lang3.time,GmtTimeZone,offset
org.apache.commons.lang3.time,DurationFormatUtilsTest,FOUR_YEARS
org.apache.commons.lang3.time,FastDateFormat,parser
org.apache.commons.lang3.builder,ToStringStyle,sizeStartText
org.apache.commons.lang3.time,FastDateParser,timeZone
org.apache.commons.lang3.concurrent.locks,LockingVisitorsTest,SHORT_DELAY
org.apache.commons.lang3.text.translate,EntityArrays,BASIC_UNESCAPE
org.apache.commons.lang3.concurrent,BasicThreadFactory,wrappedFactory
org.apache.commons.lang3.time,DateUtilsTest,date1
org.apache.commons.lang3.mutable,MutableDouble,serialVersionUID
org.apache.commons.lang3.concurrent,ThresholdCircuitBreaker,used
org.apache.commons.lang3.function,FailableIntPredicate,TRUE
org.apache.commons.lang3.text,StrSubstitutor,escapeChar
org.apache.commons.lang3,StringUtilsTest,FLOAT_PRIM_LIST
org.apache.commons.lang3.time,DateUtilsTest,calAmPm4
org.apache.commons.lang3.reflect.testbed,Parent,b
org.apache.commons.lang3.exception,ContextedException,serialVersionUID
org.apache.commons.lang3.time,StopWatchTest,MILLIS_200
org.apache.commons.lang3.function,FailableFunctionsTest,ILLEGAL_STATE_EXCEPTION
org.apache.commons.lang3.function,FailableFunction,NOP
org.apache.commons.lang3.time,DateUtilsRoundingTest,targetHourOfDayDate
org.apache.commons.lang3,LocaleUtils,cCountriesByLanguage
org.apache.commons.lang3,StringUtilsTest,NON_TRIMMABLE
org.apache.commons.lang3.time,FastDatePrinter,mTimeZone
org.apache.commons.lang3.text,StrMatcher,SINGLE_QUOTE_MATCHER
org.apache.commons.lang3.text,StrTokenizer,delimMatcher
org.apache.commons.lang3.reflect,MethodUtils,METHOD_BY_SIGNATURE
org.apache.commons.lang3.text,StrSubstitutor,variableResolver
org.apache.commons.lang3,LocaleUtilsTest,LOCALE_EN_US_ZZZZ
org.apache.commons.lang3.concurrent,EventCountCircuitBreaker,openingThreshold
org.apache.commons.lang3.builder,MultilineRecursiveToStringStyle,INDENT
org.apache.commons.lang3,BitFieldTest,bf_single
org.apache.commons.lang3.math,FractionTest,SKIP
org.apache.commons.lang3,Validate,DEFAULT_MATCHES_PATTERN_EX
org.apache.commons.lang3.time,DateUtilsTest,dateAmPm1
org.apache.commons.lang3.time,Java15BugFastDateParserTest,DATE_PARSER_PARAMETERS
org.apache.commons.lang3,Validate,DEFAULT_VALID_STATE_EX_MESSAGE
org.apache.commons.lang3,ObjectUtilsTest,NON_EMPTY_MAP
org.apache.commons.lang3,BitFieldTest,bf_multi
org.apache.commons.lang3,Conversion,FTFF
org.apache.commons.lang3.builder,ReflectionToStringBuilderExcludeWithAnnotationTest,EXCLUDED_FIELD_VALUE
org.apache.commons.lang3,StringUtils,STRING_BUILDER_SIZE
org.apache.commons.lang3.function,FailableLongToDoubleFunction,NOP
org.apache.commons.lang3.time,FastDateParser,HOUR12_STRATEGY
org.apache.commons.lang3.time,GmtTimeZone,zoneId
org.apache.commons.lang3.function,FailableBiFunction,NOP
org.apache.commons.lang3.time,DateUtilsTest,BASE_DATE
org.apache.commons.lang3.reflect.testbed,StaticContainer,IMMUTABLE_PRIVATE_2
org.apache.commons.lang3.reflect,FieldUtilsTest,D0
org.apache.commons.lang3.time,DateUtilsFragmentTest,months
org.apache.commons.lang3,StringUtilsTest,TRIMMABLE
org.apache.commons.lang3.builder,HashCodeBuilder,DEFAULT_INITIAL_VALUE
org.apache.commons.lang3.time,DateUtilsTest,date6
org.apache.commons.lang3.concurrent,LazyInitializer,NO_INIT
org.apache.commons.lang3,ArchUtilsTest,PPC64
org.apache.commons.lang3,Conversion,TTTF
org.apache.commons.lang3,Validate,DEFAULT_IS_ASSIGNABLE_EX_MESSAGE
org.apache.commons.lang3.time,FastDateFormatTest,NTHREADS
org.apache.commons.lang3,AnnotationUtilsTest,field4
org.apache.commons.lang3.concurrent,TimedSemaphore,unit
org.apache.commons.lang3.time,FastDateParser,NUMBER_MONTH_STRATEGY
org.apache.commons.lang3.time,FastDateFormat,cache
org.apache.commons.lang3.concurrent.locks,LockingVisitorsTest,TOTAL_DELAY
org.apache.commons.lang3.exception,AbstractExceptionTest,WRONG_EXCEPTION_MESSAGE
org.apache.commons.lang3.concurrent,MemoizerTest,computable
org.apache.commons.lang3.exception,AbstractExceptionContextTest,TEST_MESSAGE
org.apache.commons.lang3,LocaleUtilsTest,LOCALE_QQ_ZZ
org.apache.commons.lang3,ArchUtilsTest,PPC
org.apache.commons.lang3,Supplementary,CharU20000
org.apache.commons.lang3.function,FailableIntPredicate,FALSE
org.apache.commons.lang3.builder,ReflectionToStringBuilderConcurrencyTest,DATA_SIZE
org.apache.commons.lang3.builder,ReflectionToStringBuilderExcludeNullValuesTest,SECOND_NULL
org.apache.commons.lang3.time,GmtTimeZone,MINUTES_PER_HOUR
org.apache.commons.lang3.function,FailableIntToDoubleFunction,NOP
org.apache.commons.lang3.time,DateUtilsFragmentTest,aDate
org.apache.commons.lang3.text,StrMatcher,DOUBLE_QUOTE_MATCHER
org.apache.commons.lang3.builder,EqualsBuilder,isEquals
org.apache.commons.lang3,Range,comparator
org.apache.commons.lang3.time,FastDateParser,century
org.apache.commons.lang3,Range,minimum
org.apache.commons.lang3,SystemUtils,JAVA_SPECIFICATION_VERSION_AS_ENUM
org.apache.commons.lang3,StringUtilsTest,HARD_SPACE
org.apache.commons.lang3.function,FailableToDoubleFunction,NOP
org.apache.commons.lang3,Conversion,FFFT
org.apache.commons.lang3.function,FailableFunctionsTest,ERROR
org.apache.commons.lang3,Range,maximum
org.apache.commons.lang3,ArchUtilsTest,X86_64
org.apache.commons.lang3.function,FailableBiPredicate,TRUE
org.apache.commons.lang3.builder,ReflectionToStringBuilder,excludeNullValues
org.apache.commons.lang3.time,FastDatePrinter,EMPTY_RULE_ARRAY
org.apache.commons.lang3.compare,ObjectToStringComparator,serialVersionUID
org.apache.commons.lang3,RangeTest,byteRange
org.apache.commons.lang3.mutable,MutableObject,serialVersionUID
org.apache.commons.lang3.function,FailableToLongFunction,NOP
org.apache.commons.lang3,EnumUtils,NULL_ELEMENTS_NOT_PERMITTED
org.apache.commons.lang3.time,FastDateParserTest,REYKJAVIK
org.apache.commons.lang3.builder,ReflectionToStringBuilderExcludeNullValuesTest,BOTH_NON_NULL
org.apache.commons.lang3.time,DateUtilsTest,dateAmPm4
org.apache.commons.lang3.builder,ToStringStyleConcurrencyTest,LIST
org.apache.commons.lang3.time,DateUtilsRoundingTest,januaryOneCalendar
org.apache.commons.lang3,Range,serialVersionUID
org.apache.commons.lang3.builder,DiffResult,diffList
org.apache.commons.lang3.function,FailableDoubleToLongFunction,NOP
org.apache.commons.lang3,Validate,DEFAULT_NO_NULL_ELEMENTS_COLLECTION_EX_MESSAGE
org.apache.commons.lang3.text.translate,EntityArrays,JAVA_CTRL_CHARS_UNESCAPE
org.apache.commons.lang3.text,StrTokenizer,CSV_TOKENIZER_PROTOTYPE
org.apache.commons.lang3.builder,StandardToStringStyleTest,baseStr
org.apache.commons.lang3.text,StrBuilder,buffer
org.apache.commons.lang3,Validate,DEFAULT_INCLUSIVE_BETWEEN_EX_MESSAGE
org.apache.commons.lang3,Conversion,TFFT
org.apache.commons.lang3.concurrent.locks,LockingVisitorsTest,NUMBER_OF_THREADS
org.apache.commons.lang3.text,StrSubstitutor,valueDelimiterMatcher
org.apache.commons.lang3.function,FailableLongUnaryOperator,NOP
org.apache.commons.lang3,CharRange,start
org.apache.commons.lang3.builder,DiffBuilder,objectsTriviallyEqual
org.apache.commons.lang3,SerializationUtilsTest,CLASS_NOT_FOUND_MESSAGE
org.apache.commons.lang3,SystemUtils,USER_DIR_KEY
org.apache.commons.lang3.reflect,TypeLiteral,T
org.apache.commons.lang3.builder,ReflectionDiffBuilder,diffBuilder
org.apache.commons.lang3,EnumUtils,S_DOES_NOT_SEEM_TO_BE_AN_ENUM_TYPE
org.apache.commons.lang3.builder,ReflectionToStringBuilderExcludeWithAnnotationTest,INCLUDED_FIELD_NAME
org.apache.commons.lang3,SystemUtils,name
org.apache.commons.lang3.concurrent,TimedSemaphore,period
org.apache.commons.lang3.time,FastDateParserTest,SHORT_FORMAT_NOERA
org.apache.commons.lang3.text.translate,AggregateTranslator,translators
org.apache.commons.lang3.time,DateUtilsTest,cal3
org.apache.commons.lang3,StringUtilsTest,MIXED_TYPE_LIST
org.apache.commons.lang3.text,StrMatcherTest,BUFFER2
org.apache.commons.lang3,SerializationUtilsTest,iInteger
org.apache.commons.lang3,Validate,DEFAULT_IS_INSTANCE_OF_EX_MESSAGE
org.apache.commons.lang3.builder,DiffResultTest,SIMPLE_FALSE
org.apache.commons.lang3.time,FastDateParserTest,LONG_FORMAT
org.apache.commons.lang3,StringUtilsTest,MIXED_ARRAY_LIST
org.apache.commons.lang3.concurrent,Memoizer,cache
org.apache.commons.lang3.function,FailableDoubleToIntFunction,NOP
org.apache.commons.lang3.time,DateUtilsTest,calAmPm1
org.apache.commons.lang3.builder,EqualsBuilder,excludeFields
org.apache.commons.lang3.builder,ReflectionToStringBuilder,appendTransients
org.apache.commons.lang3.concurrent,BasicThreadFactory,namingPattern
org.apache.commons.lang3.text,StrSubstitutor,preserveEscapes
org.apache.commons.lang3,StringUtilsTest,INT_PRIM_LIST
org.apache.commons.lang3.builder,HashCodeBuilder,REGISTRY
org.apache.commons.lang3.builder,ReflectionToStringBuilderSummaryTest,summaryString
org.apache.commons.lang3,Conversion,FFTF
org.apache.commons.lang3.exception,ExceptionUtilsTest,cyclicCause
org.apache.commons.lang3.time,DateUtilsRoundingTest,targetSecondDate
org.apache.commons.lang3.time,FastDateParser,DAY_OF_MONTH_STRATEGY
org.apache.commons.lang3.time,DateUtilsFragmentTest,days
org.apache.commons.lang3.builder,ToStringStyle,fieldNameValueSeparator
org.apache.commons.lang3.text.translate,EntityArrays,BASIC_ESCAPE
org.apache.commons.lang3.time,DateUtilsFragmentTest,minutes
org.apache.commons.lang3.time,FastDateParserSDFTest,timeZone
org.apache.commons.lang3.time,DateUtilsRoundingTest,fdf
org.apache.commons.lang3.builder,HashCodeBuilder,DEFAULT_MULTIPLIER_VALUE
org.apache.commons.lang3.text,StrTokenizer,emptyAsNull
org.apache.commons.lang3,StringUtilsTest,SEPARATOR
org.apache.commons.lang3,ObjectUtilsTest,NON_EMPTY_LIST
org.apache.commons.lang3.time,DateUtilsTest,cal4
org.apache.commons.lang3.concurrent,ConstantInitializer,FMT_TO_STRING
org.apache.commons.lang3.time,FastDateParserTest,dateParserProvider
org.apache.commons.lang3.builder,StandardToStringStyleTest,STYLE
org.apache.commons.lang3.concurrent,AtomicSafeInitializerTest,initializer
org.apache.commons.lang3.text,StrMatcher,COMMA_MATCHER
org.apache.commons.lang3.text,StrMatcher,TRIM_MATCHER
org.apache.commons.lang3.function,FailableBiPredicate,FALSE
org.apache.commons.lang3.reflect.testbed,PrivatelyShadowedChild,b
org.apache.commons.lang3.reflect,MemberUtils,ORDERED_PRIMITIVE_TYPES
org.apache.commons.lang3.builder,ReflectionToStringBuilder,appendStatics
org.apache.commons.lang3.function,FailableLongConsumer,NOP
org.apache.commons.lang3.exception,ContextedException,exceptionContext
org.apache.commons.lang3.concurrent,EventCountCircuitBreaker,closingInterval
org.apache.commons.lang3.reflect,FieldUtilsTest,JACOCO_DATA_FIELD_NAME
org.apache.commons.lang3.exception,AbstractExceptionTest,WRONG_CAUSE_MESSAGE
org.apache.commons.lang3,LocaleUtilsTest,LOCALE_FR
org.apache.commons.lang3.text,StrSubstitutor,enableSubstitutionInVariables
org.apache.commons.lang3.time,FastDateParser,WEEK_OF_MONTH_STRATEGY
org.apache.commons.lang3.builder,MultiLineToStringStyleTest,baseStr
org.apache.commons.lang3,NotImplementedException,code
org.apache.commons.lang3.time,FormatCache,NONE
org.apache.commons.lang3.builder,ToStringStyle,fieldSeparatorAtEnd
org.apache.commons.lang3.builder,ToStringStyle,REGISTRY
org.apache.commons.lang3.time,FastDateParser,DAY_OF_YEAR_STRATEGY
org.apache.commons.lang3,Conversion,FTTT
org.apache.commons.lang3.time,FastDateParser,pattern
org.apache.commons.lang3.builder,DiffTest,FIELD_NAME
org.apache.commons.lang3.concurrent,BasicThreadFactoryTest,PATTERN
org.apache.commons.lang3.text,CompositeFormat,formatter
org.apache.commons.lang3.time,DateUtilsRoundingTest,targetMinuteDate
org.apache.commons.lang3,BitField,shiftCount
org.apache.commons.lang3.text.translate,EntityArrays,APOS_UNESCAPE
org.apache.commons.lang3.concurrent,CircuitBreakingException,serialVersionUID
org.apache.commons.lang3.text,StrTokenizer,tokenPos
org.apache.commons.lang3,ArchUtilsTest,IA64
org.apache.commons.lang3.time,FastDateParser,LITERAL_YEAR_STRATEGY
org.apache.commons.lang3,ClassUtils,namePrimitiveMap
org.apache.commons.lang3.arch,Processor,arch
org.apache.commons.lang3.concurrent,ConstantInitializerTest,init
org.apache.commons.lang3.time,DateUtilsTest,dateAmPm3
org.apache.commons.lang3.function,FailableIntFunction,NOP
org.apache.commons.lang3.builder,ReflectionToStringBuilderSummaryTest,stringField
org.apache.commons.lang3.time,FastDateParserTest,MDY_DASH
org.apache.commons.lang3,StringUtilsTest,SENTENCE_UNCAP
org.apache.commons.lang3.concurrent,LazyInitializerTest,initializer
org.apache.commons.lang3.builder,ToStringStyle,defaultFullDetail
org.apache.commons.lang3.concurrent,ConcurrentException,serialVersionUID
org.apache.commons.lang3,Conversion,TFTT
org.apache.commons.lang3.time,DateUtilsRoundingTest,targetMilliSecondDate
org.apache.commons.lang3.function,FailableBiConsumer,NOP
org.apache.commons.lang3.tuple,ImmutablePair,NULL
org.apache.commons.lang3.builder,ToStringStyleConcurrencyTest,LIST_SIZE
org.apache.commons.lang3.tuple,MutableTriple,serialVersionUID
org.apache.commons.lang3.builder,MultilineRecursiveToStringStyle,serialVersionUID
org.apache.commons.lang3.text,StrTokenizer,trimmerMatcher
org.apache.commons.lang3.function,MethodFixtures,INSTANCE
org.apache.commons.lang3.builder,ReflectionToStringBuilderExcludeNullValuesTest,STRING_FIELD_NAME
org.apache.commons.lang3.text,ExtendedMessageFormat,registry
org.apache.commons.lang3,Validate,DEFAULT_VALID_INDEX_COLLECTION_EX_MESSAGE
org.apache.commons.lang3,ObjectUtilsTest,NON_EMPTY_SET
org.apache.commons.lang3.time,DateUtilsTest,date8
org.apache.commons.lang3.builder,EqualsBuilder,REGISTRY
org.apache.commons.lang3.builder,ReflectionToStringBuilderExcludeTest,SECRET_VALUE
org.apache.commons.lang3,StringUtilsTest,SEPARATOR_CHAR
org.apache.commons.lang3.time,DateUtilsTest,calAmPm2
org.apache.commons.lang3.time,StopWatchTest,MIN_SLEEP_MILLISECONDS
org.apache.commons.lang3,RangeTest,longRange
org.apache.commons.lang3.reflect.testbed,Bar,VALUE
org.apache.commons.lang3,AnnotationUtils,TO_STRING_STYLE
org.apache.commons.lang3.text.translate,LookupTranslator,longest
org.apache.commons.lang3,StringUtilsEqualsIndexOfTest,BAR
org.apache.commons.lang3,Supplementary,CharU20001
org.apache.commons.lang3.concurrent,EventCountCircuitBreakerTest,OPENING_THRESHOLD
org.apache.commons.lang3.time,FastTimeZone,GMT_PATTERN
org.apache.commons.lang3.exception,AbstractExceptionTest,EXCEPTION_MESSAGE
org.apache.commons.lang3,BitFieldTest,bf_zero
org.apache.commons.lang3.exception,DefaultExceptionContext,contextValues
org.apache.commons.lang3,RangeTest,byteRange3
org.apache.commons.lang3,StringUtilsTest,TEXT_LIST_CHAR
org.apache.commons.lang3.reflect,FieldUtilsTest,publiclyShadowedChild
org.apache.commons.lang3.concurrent,ConstantInitializerTest,VALUE
org.apache.commons.lang3.function,FailableLongToIntFunction,NOP
org.apache.commons.lang3,StringUtilsStartsEndsWithTest,FOOBAR
org.apache.commons.lang3,StringUtilsTest,MIXED_STRING_LIST
org.apache.commons.lang3,AnnotationUtilsTest,field2
org.apache.commons.lang3.text.translate,EntityArrays,JAVA_CTRL_CHARS_ESCAPE
org.apache.commons.lang3.time,FastDateParser,serialVersionUID
org.apache.commons.lang3.time,FastDateParser,DAY_OF_WEEK_IN_MONTH_STRATEGY
org.apache.commons.lang3.concurrent,TimedSemaphore,totalAcquireCount
org.apache.commons.lang3.time,FastDateParser,ABBREVIATED_YEAR_STRATEGY
org.apache.commons.lang3.text,StrTokenizer,quoteMatcher
org.apache.commons.lang3.exception,ExceptionUtilsTest,withoutCause
org.apache.commons.lang3.time,FastDateParserTest,INDIA
org.apache.commons.lang3.text,CompositeFormat,serialVersionUID
org.apache.commons.lang3,CharRange,end
org.apache.commons.lang3.time,DateUtilsRoundingTest,dateTimeParser
org.apache.commons.lang3.event,EventListenerSupport,proxy
org.apache.commons.lang3,Validate,DEFAULT_EXCLUSIVE_BETWEEN_EX_MESSAGE
org.apache.commons.lang3.builder,ToStringStyle,arraySeparator
org.apache.commons.lang3,StringUtilsTest,STRING_LIST
org.apache.commons.lang3.time,DateUtilsTest,date4
org.apache.commons.lang3.exception,CloneFailedException,serialVersionUID
org.apache.commons.lang3,StringUtilsStartsEndsWithTest,bar
org.apache.commons.lang3.mutable,MutableByte,serialVersionUID
org.apache.commons.lang3,StringUtilsStartsEndsWithTest,foo
org.apache.commons.lang3,Validate,DEFAULT_VALID_INDEX_ARRAY_EX_MESSAGE
org.apache.commons.lang3.reflect,MethodUtilsTest,testBean
org.apache.commons.lang3.builder,DiffBuilder,diffs
org.apache.commons.lang3.builder,ReflectionToStringBuilderExcludeWithAnnotationTest,INCLUDED_FIELD_VALUE
org.apache.commons.lang3,CharUtilsPerfRun,WARM_UP
org.apache.commons.lang3,LocaleUtilsTest,LOCALE_EN_US
org.apache.commons.lang3.builder,ToStringStyle,serialVersionUID
org.apache.commons.lang3.exception,ExceptionUtilsTest,nested
org.apache.commons.lang3.concurrent,BasicThreadFactory,priority
org.apache.commons.lang3.time,DateUtils,fields
org.apache.commons.lang3.concurrent,TimedSemaphore,acquireCount
org.apache.commons.lang3.builder,ToStringStyle,useClassName
org.apache.commons.lang3.text.translate,EntityArrays,APOS_ESCAPE
org.apache.commons.lang3.time,FastDatePrinterTimeZonesTest,PATTERN
org.apache.commons.lang3.text.translate,NumericEntityUnescaper,options
org.apache.commons.lang3.concurrent,BasicThreadFactory,threadCounter
org.apache.commons.lang3.function,FailableToDoubleBiFunction,NOP
org.apache.commons.lang3.concurrent,TimedSemaphoreTest,PERIOD
org.apache.commons.lang3.text,StrSubstitutorTest,values
org.apache.commons.lang3,ClassUtils,abbreviationMap
org.apache.commons.lang3.time,StopWatch,stopTimeMillis
org.apache.commons.lang3.builder,ToStringBuilder,buffer
org.apache.commons.lang3,SystemUtils,OS_NAME_WINDOWS_PREFIX
org.apache.commons.lang3.builder,HashCodeBuilder,iTotal
org.apache.commons.lang3.concurrent,MultiBackgroundInitializer,childInitializers
org.apache.commons.lang3.text.translate,NumericEntityEscaper,above
org.apache.commons.lang3.time,DurationUtils,LONG_TO_INT_RANGE
org.apache.commons.lang3,SerializationException,serialVersionUID
org.apache.commons.lang3.concurrent,TimedSemaphoreTest,LIMIT
org.apache.commons.lang3.time,DateUtilsTest,cal1
org.apache.commons.lang3.event,EventListenerSupport,listeners
org.apache.commons.lang3,CharRange,iToString
org.apache.commons.lang3.reflect.testbed,StaticContainer,IMMUTABLE_PACKAGE
org.apache.commons.lang3.concurrent,TimedSemaphore,ownExecutor
org.apache.commons.lang3.time,StopWatch,startTimeNanos
org.apache.commons.lang3,StringUtilsTest,ARRAY_FALSE_TRUE_FALSE
org.apache.commons.lang3.time,StopWatchTest,MESSAGE
org.apache.commons.lang3.reflect,ConstructorUtilsTest,classCache
org.apache.commons.lang3.time,FastDateParser,caches
org.apache.commons.lang3.concurrent,ConstantInitializer,object
org.apache.commons.lang3.builder,DiffTest,booleanDiff
org.apache.commons.lang3.time,FastDateParser,startYear
org.apache.commons.lang3,Conversion,TTTT
org.apache.commons.lang3.concurrent,MultiBackgroundInitializerTest,initializer
org.apache.commons.lang3.function,FailableDoubleConsumer,NOP
org.apache.commons.lang3,RandomUtilsTest,DELTA
org.apache.commons.lang3.function,FailableDoubleUnaryOperator,NOP
org.apache.commons.lang3,StringUtilsTest,EMPTY
org.apache.commons.lang3.time,DateUtilsTest,dateTimeParser
org.apache.commons.lang3,Conversion,FFTT
org.apache.commons.lang3,SystemUtils,USER_NAME_KEY
org.apache.commons.lang3.text.translate,EntityArrays,HTML40_EXTENDED_ESCAPE
org.apache.commons.lang3.concurrent,TimedSemaphore,limit
org.apache.commons.lang3.concurrent,EventCountCircuitBreaker,checkIntervalData
org.apache.commons.lang3.text,ExtendedMessageFormat,HASH_SEED
org.apache.commons.lang3.reflect.testbed,PrivatelyShadowedChild,s
org.apache.commons.lang3.text.translate,NumericEntityEscaper,below
org.apache.commons.lang3.text,StrMatcher,NONE_MATCHER
org.apache.commons.lang3.concurrent,EventCountCircuitBreakerTest,CLOSING_THRESHOLD
org.apache.commons.lang3,AnnotationUtilsTest,field3
org.apache.commons.lang3.time,FastDatePrinter,MAX_DIGITS
org.apache.commons.lang3,StringUtilsTest,LONG_PRIM_LIST
org.apache.commons.lang3.text,StrTokenizer,chars
org.apache.commons.lang3.math,Fraction,denominator
org.apache.commons.lang3.reflect.testbed,Foo,VALUE
org.apache.commons.lang3,RangeTest,byteRange2
org.apache.commons.lang3.time,FastDateParserTest,DMY_DOT
org.apache.commons.lang3.tuple,ImmutableTriple,NULL
org.apache.commons.lang3,ArchUtilsTest,X86
org.apache.commons.lang3.reflect.testbed,Parent,i
org.apache.commons.lang3.reflect,FieldUtilsTest,parentClass
org.apache.commons.lang3.time,FastTimeZoneTest,HOURS_2
org.apache.commons.lang3.time,DateUtilsTest,date5
org.apache.commons.lang3.concurrent,ThresholdCircuitBreaker,threshold
org.apache.commons.lang3,CharSet,serialVersionUID
org.apache.commons.lang3.concurrent,TimedSemaphore,lastCallsPerPeriod
org.apache.commons.lang3.time,DateUtilsTest,dateParser
org.apache.commons.lang3.time,StopWatchTest,ZERO_TIME_ELAPSED
org.apache.commons.lang3,StringUtils,STRIP_ACCENTS_PATTERN
org.apache.commons.lang3.time,FastDateParser,WEEK_OF_YEAR_STRATEGY
org.apache.commons.lang3.concurrent,TimedSemaphore,shutdown
org.apache.commons.lang3.builder,DiffResult,lhs
org.apache.commons.lang3,StringUtilsTest,COMMA_SEPARATOR_CHAR
org.apache.commons.lang3.event,EventListenerSupport,serialVersionUID
org.apache.commons.lang3.reflect,FieldUtilsTest,publicChild
org.apache.commons.lang3.concurrent,BackgroundInitializer,executor
org.apache.commons.lang3,SystemUtils,JAVA_HOME_KEY
org.apache.commons.lang3.reflect.testbed,StaticContainer,mutablePackage
org.apache.commons.lang3,Validate,DEFAULT_NOT_EMPTY_ARRAY_EX_MESSAGE
org.apache.commons.lang3.mutable,MutableBoolean,serialVersionUID
org.apache.commons.lang3,StringUtilsTest,FOO_UNCAP
org.apache.commons.lang3.concurrent,EventCountCircuitBreaker,STRATEGY_MAP
org.apache.commons.lang3.time,FastDatePrinter,mMaxLengthEstimate
org.apache.commons.lang3.time,StopWatch,message
org.apache.commons.lang3.text,StrBuilderAppendInsertTest,SEP
org.apache.commons.lang3.builder,EqualsBuilder,reflectUpToClass
org.apache.commons.lang3,ClassUtils,primitiveWrapperMap
org.apache.commons.lang3.time,StopWatch,startTimeMillis
org.apache.commons.lang3.time,DateUtilsRoundingTest,targetYearDate
org.apache.commons.lang3.time,FastTimeZoneTest,MINUTES_5
org.apache.commons.lang3.builder,ReflectionToStringBuilderExcludeNullValuesTest,INTEGER_FIELD_NAME
org.apache.commons.lang3.time,GmtTimeZone,MILLISECONDS_PER_MINUTE
org.apache.commons.lang3,Conversion,FTFT
org.apache.commons.lang3.time,DurationFormatUtils,S
org.apache.commons.lang3.time,FastDateParserTest,DATE_PARSER_PARAMETERS
org.apache.commons.lang3.text,StrTokenizer,TSV_TOKENIZER_PROTOTYPE
org.apache.commons.lang3.builder,DiffResult,style
org.apache.commons.lang3.builder,ToStringStyle,summaryObjectStartText
org.apache.commons.lang3.builder,HashCodeBuilder,iConstant
org.apache.commons.lang3.time,FastDateParser,MILLISECOND_STRATEGY
org.apache.commons.lang3,ObjectUtilsTest,NON_EMPTY_ARRAY
org.apache.commons.lang3.time,FastTimeZoneTest,MINUTES_59
org.apache.commons.lang3,Validate,DEFAULT_NOT_EMPTY_COLLECTION_EX_MESSAGE
org.apache.commons.lang3,CharSet,COMMON
org.apache.commons.lang3.text,ExtendedMessageFormat,QUOTE
org.apache.commons.lang3,Range,toString
org.apache.commons.lang3,Validate,DEFAULT_NOT_BLANK_EX_MESSAGE
org.apache.commons.lang3.util,FluentBitSet,bitSet
org.apache.commons.lang3.mutable,MutableLong,serialVersionUID
org.apache.commons.lang3.time,StopWatch,runningState
org.apache.commons.lang3.time,StopWatchTest,ZERO_HOURS_PREFIX
org.apache.commons.lang3.reflect.testbed,PublicChild,VALUE
org.apache.commons.lang3.reflect,FieldUtilsTest,I1
org.apache.commons.lang3.concurrent,AtomicInitializer,reference
org.apache.commons.lang3,StringUtilsSubstringTest,BAZ
org.apache.commons.lang3.text,ExtendedMessageFormat,DUMMY_PATTERN
org.apache.commons.lang3.time,DurationFormatUtils,H
org.apache.commons.lang3.text.translate,EntityArrays,HTML40_EXTENDED_UNESCAPE
org.apache.commons.lang3,StringUtilsTest,SHORT_PRIM_LIST
org.apache.commons.lang3.time,DateUtilsTest,cal2
org.apache.commons.lang3,ClassNotFoundSerialization,serialVersionUID
org.apache.commons.lang3,StringEscapeUtilsTest,FOO
org.apache.commons.lang3.time,FastDateParser,HOUR24_OF_DAY_STRATEGY
org.apache.commons.lang3,StringUtilsTest,FOO_CAP
org.apache.commons.lang3.time,DateUtilsTest,defaultZone
org.apache.commons.lang3.time,FastDatePrinter,mLocale
org.apache.commons.lang3.time,StopWatch,NANO_2_MILLIS
org.apache.commons.lang3,Validate,DEFAULT_IS_TRUE_EX_MESSAGE
org.apache.commons.lang3,CharUtilsTest,CHARACTER_A
org.apache.commons.lang3.time,DurationFormatUtils,s
org.apache.commons.lang3.mutable,MutableFloat,serialVersionUID
org.apache.commons.lang3.text,StrMatcher,SPACE_MATCHER
org.apache.commons.lang3.builder,ToStringStyle,useIdentityHashCode
org.apache.commons.lang3,EnumUtilsTest,label
org.apache.commons.lang3,CharRange,EMPTY_ARRAY
org.apache.commons.lang3.builder,ReflectionToStringBuilderExcludeNullValuesTest,FIRST_NULL
org.apache.commons.lang3.time,FastDateParser,MINUTE_STRATEGY
org.apache.commons.lang3.time,FastDateParser,SECOND_STRATEGY
org.apache.commons.lang3.builder,ReflectionToStringBuilderExcludeTest,SECRET_FIELD
org.apache.commons.lang3,StringUtilsEqualsIndexOfTest,FOOBAR
org.apache.commons.lang3.time,DurationFormatUtils,d
org.apache.commons.lang3.builder,ToStringStyle,contentStart
org.apache.commons.lang3.concurrent,ThresholdCircuitBreakerTest,threshold
org.apache.commons.lang3.function,FailableToIntFunction,NOP
org.apache.commons.lang3.time,FastDateParserTest,MDY_SLASH
org.apache.commons.lang3.time,StopWatchTest,MILLIS_550
org.apache.commons.lang3.builder,ToStringStyle,fieldSeparatorAtStart
org.apache.commons.lang3,Range,hashCode
org.apache.commons.lang3.reflect,FieldUtilsTest,I0
org.apache.commons.lang3.math,Fraction,numerator
org.apache.commons.lang3.function,FailableObjIntConsumer,NOP
org.apache.commons.lang3,Validate,DEFAULT_FINITE_EX_MESSAGE
org.apache.commons.lang3.text,FormattableUtils,SIMPLEST_FORMAT
org.apache.commons.lang3,CharUtilsPerfRun,COUNT
org.apache.commons.lang3.exception,AbstractExceptionContextTest,exceptionContext
org.apache.commons.lang3.mutable,MutableShort,serialVersionUID
org.apache.commons.lang3.concurrent,BackgroundInitializer,future
org.apache.commons.lang3.time,DateUtilsTest,cal7
org.apache.commons.lang3.time,StopWatch,splitState
org.apache.commons.lang3,NotImplementedException,serialVersionUID
org.apache.commons.lang3.reflect.testbed,StaticContainer,IMMUTABLE_PROTECTED
org.apache.commons.lang3.reflect,FieldUtilsTest,D1
org.apache.commons.lang3,ArchUtils,ARCH_TO_PROCESSOR
org.apache.commons.lang3,LocaleUtilsTest,LOCALE_EN
org.apache.commons.lang3.time,FastDateParserTest,NEW_YORK
org.apache.commons.lang3.time,DurationFormatUtils,m
org.apache.commons.lang3.function,FailableConsumer,NOP
org.apache.commons.lang3,StringUtilsTest,ARRAY_FALSE_TRUE
org.apache.commons.lang3.time,DateUtilsTest,date2
org.apache.commons.lang3.concurrent,ConcurrentRuntimeException,serialVersionUID
org.apache.commons.lang3.time,FastDateFormat,printer
org.apache.commons.lang3.concurrent,BasicThreadFactory,daemon
org.apache.commons.lang3,SystemUtils,USER_HOME_KEY
org.apache.commons.lang3.text,StrSubstitutor,prefixMatcher
org.apache.commons.lang3.builder,ReflectionToStringBuilderExcludeTest,NOT_SECRET_VALUE
org.apache.commons.lang3.reflect,TypeLiteral,toString
org.apache.commons.lang3.text,StrMatcher,SPLIT_MATCHER
org.apache.commons.lang3.text,StrSubstitutor,suffixMatcher
org.apache.commons.lang3.util,FluentBitSetTest,eightFbs
org.apache.commons.lang3,CharUtilsPerfRun,CHAR_SAMPLES
org.apache.commons.lang3.builder,ReflectionToStringBuilder,excludeFieldNames
org.apache.commons.lang3.text,StrBuilder,CAPACITY
org.apache.commons.lang3.text,StrMatcher,QUOTE_MATCHER
org.apache.commons.lang3.text,StrTokenizer,tokens
org.apache.commons.lang3.text,ExtendedMessageFormat,START_FE
org.apache.commons.lang3.function,FailableIntToLongFunction,NOP
org.apache.commons.lang3.time,FastDateParser,HOUR_OF_DAY_STRATEGY
org.apache.commons.lang3.text,StrTokenizerTest,TSV_SIMPLE_FIXTURE
org.apache.commons.lang3.builder,CompareToBuilder,comparison
org.apache.commons.lang3.text.translate,UnicodeUnpairedSurrogateRemoverTest,writer
org.apache.commons.lang3.time,FastDatePrinterTest,YYYY_MM_DD
org.apache.commons.lang3.text,StrTokenizerTest,CSV_SIMPLE_FIXTURE
org.apache.commons.lang3,Validate,DEFAULT_NOT_EMPTY_MAP_EX_MESSAGE
org.apache.commons.lang3.time,FastDateParserTest,SHORT_FORMAT
org.apache.commons.lang3.builder,ToStringStyle,fieldSeparator
org.apache.commons.lang3,EnumUtils,CANNOT_STORE_S_S_VALUES_IN_S_BITS
org.apache.commons.lang3,StringUtilsTest,NULL_TO_STRING_LIST
org.apache.commons.lang3.text,ExtendedMessageFormatTest,registry
org.apache.commons.lang3.text,StrBuilderTest,A_NUMBER_MATCHER
org.apache.commons.lang3.text,ExtendedMessageFormat,toPattern
org.apache.commons.lang3.time,DateUtilsFragmentTest,millis
org.apache.commons.lang3.concurrent,Memoizer,computable
org.apache.commons.lang3.concurrent,AtomicSafeInitializer,factory
org.apache.commons.lang3.concurrent,AbstractCircuitBreaker,changeSupport
org.apache.commons.lang3.reflect.testbed,StaticContainer,mutableProtected
org.apache.commons.lang3.function,MethodFixtures,valueArray
org.apache.commons.lang3,StringUtilsTest,ARRAY_FALSE_FALSE
org.apache.commons.lang3,StringUtilsTest,NULL_ARRAY_LIST
org.apache.commons.lang3,SerializationUtilsTest,iMap
org.apache.commons.lang3.arch,Processor,type
org.apache.commons.lang3.time,DateUtilsTest,zone
org.apache.commons.lang3,Validate,DEFAULT_NO_NULL_ELEMENTS_ARRAY_EX_MESSAGE
org.apache.commons.lang3.reflect,FieldUtilsTest,privatelyShadowedChild
org.apache.commons.lang3.builder,ToStringStyle,arrayEnd
org.apache.commons.lang3,Conversion,TTFT
org.apache.commons.lang3,LocaleUtilsTest,LOCALE_QQ
org.apache.commons.lang3,SystemUtils,JAVA_IO_TMPDIR_KEY
org.apache.commons.lang3.time,FastDatePrinter,mRules
org.apache.commons.lang3.concurrent,BasicThreadFactoryTest,builder
org.apache.commons.lang3,StringUtilsTest,NULL_STRING_LIST
org.apache.commons.lang3.exception,AbstractExceptionContextTest,TEST_MESSAGE_2
org.apache.commons.lang3,LocaleUtilsTest,LOCALE_FR_CA
org.apache.commons.lang3.function,FailableToLongBiFunction,NOP
org.apache.commons.lang3.reflect.testbed,StaticContainer,IMMUTABLE_PRIVATE
org.apache.commons.lang3.builder,ToStringStyle,sizeEndText
org.apache.commons.lang3.math,Fraction,toProperString
org.apache.commons.lang3,AnnotationUtilsTest,field1
org.apache.commons.lang3.concurrent,TimedSemaphore,task
org.apache.commons.lang3,StringUtilsTest,TEXT_LIST_NOSEP
org.apache.commons.lang3.time,GmtTimeZone,HOURS_PER_DAY
org.apache.commons.lang3.function,FailableObjDoubleConsumer,NOP
org.apache.commons.lang3.builder,ReflectionToStringBuilderExcludeTest,NOT_SECRET_FIELD
org.apache.commons.lang3.text,StrBuilder,nullText
org.apache.commons.lang3.text,StrBuilder,newLine
org.apache.commons.lang3,Validate,DEFAULT_NOT_EMPTY_CHAR_SEQUENCE_EX_MESSAGE
org.apache.commons.lang3.exception,AbstractExceptionTest,CAUSE_MESSAGE
org.apache.commons.lang3.builder,ToStringStyle,contentEnd
org.apache.commons.lang3.time,DateUtilsTest,cal8
org.apache.commons.lang3,RangeTest,doubleRange
org.apache.commons.lang3,StringUtilsTest,MIXED_TYPE_OBJECT_LIST
org.apache.commons.lang3.function,MethodFixtures,value2
org.apache.commons.lang3.time,DateUtilsTest,date3
org.apache.commons.lang3.builder,ToStringStyle,summaryObjectEndText
org.apache.commons.lang3.function,FailableToIntBiFunction,NOP
org.apache.commons.lang3.exception,ExceptionUtilsTest,jdkNoCause
org.apache.commons.lang3.concurrent,TimedSemaphore,periodCount
org.apache.commons.lang3.builder,DiffResult,rhs
org.apache.commons.lang3.builder,DiffResultTest,SIMPLE_TRUE
org.apache.commons.lang3.builder,ReflectionToStringBuilder,upToClass
org.apache.commons.lang3.builder,ReflectionToStringBuilderExcludeWithAnnotationTest,EXCLUDED_FIELD_NAME
org.apache.commons.lang3.builder,MultilineRecursiveToStringStyle,spaces
org.apache.commons.lang3.builder,MultilineRecursiveToStringStyleTest,BR
org.apache.commons.lang3,BitField,mask
org.apache.commons.lang3.concurrent,ThresholdCircuitBreakerTest,zeroThreshold
org.apache.commons.lang3.builder,ToStringStyle,useShortClassName
org.apache.commons.lang3,SerializationUtilsTest,iString
org.apache.commons.lang3.text,ExtendedMessageFormat,START_FMT
org.apache.commons.lang3,Conversion,FTTF
org.apache.commons.lang3,ObjectUtils,AT_SIGN
org.apache.commons.lang3.reflect.testbed,Parent,d
org.apache.commons.lang3,Conversion,TFTF
org.apache.commons.lang3.text,StrLookup,NONE_LOOKUP
org.apache.commons.lang3.concurrent,AbstractCircuitBreaker,state
org.apache.commons.lang3.concurrent,EventCountCircuitBreakerTest,NANO_FACTOR
org.apache.commons.lang3,Supplementary,CharUSuppCharLow
org.apache.commons.lang3.time,FastDateParserTest,SWEDEN
org.apache.commons.lang3,StringUtilsTest,EMPTY_ARRAY_LIST
org.apache.commons.lang3,CharSequenceUtils,NOT_FOUND
org.apache.commons.lang3.text.translate,NumericEntityEscaper,between
org.apache.commons.lang3.reflect.testbed,PrivatelyShadowedChild,d
org.apache.commons.lang3.time,FastDateParser,LONGER_FIRST_LOWERCASE
org.apache.commons.lang3.text,StrBuilder,size
org.apache.commons.lang3.function,FailableDoublePredicate,TRUE
org.apache.commons.lang3.time,DateUtilsFragmentTest,aCalendar
org.apache.commons.lang3,ClassUtils,COMPARATOR
org.apache.commons.lang3.text,StrLookup,SYSTEM_PROPERTIES_LOOKUP
org.apache.commons.lang3,Validate,DEFAULT_NOT_NAN_EX_MESSAGE
org.apache.commons.lang3.time,FastDateFormat,serialVersionUID
org.apache.commons.lang3.function,FailablePredicate,FALSE
org.apache.commons.lang3.exception,ExceptionUtilsTest,withCause
org.apache.commons.lang3.time,DateUtilsFragmentTest,hours
